-- phpMyAdmin SQL Dump
-- version 4.9.5
-- https://www.phpmyadmin.net/
--
-- ホスト: localhost:3306
-- 生成日時: 
-- サーバのバージョン： 5.7.24
-- PHP のバージョン: 7.4.1

SET SQL_MODE = "NO_AUTO_VALUE_ON_ZERO";
SET AUTOCOMMIT = 0;
START TRANSACTION;
SET time_zone = "+00:00";


/*!40101 SET @OLD_CHARACTER_SET_CLIENT=@@CHARACTER_SET_CLIENT */;
/*!40101 SET @OLD_CHARACTER_SET_RESULTS=@@CHARACTER_SET_RESULTS */;
/*!40101 SET @OLD_COLLATION_CONNECTION=@@COLLATION_CONNECTION */;
/*!40101 SET NAMES utf8mb4 */;

--
-- データベース: `programgame`
--

-- --------------------------------------------------------

--
-- テーブルの構造 `false_serif`
--

CREATE TABLE `false_serif` (
  `serif_id` int(10) NOT NULL,
  `question_no` int(10) NOT NULL,
  `file_name` varchar(30) NOT NULL,
  `file` blob NOT NULL,
  `back_img` varchar(40) NOT NULL
) ENGINE=InnoDB DEFAULT CHARSET=utf8;

--
-- テーブルのデータのダンプ `false_serif`
--

INSERT INTO `false_serif` (`serif_id`, `question_no`, `file_name`, `file`, `back_img`) VALUES
(1, 1, 'ステージ１の一問目不正解時のセリフ', 0xe5a696e7b2bee3808ce5a4a7e4b888e5a4abe38082e38282e38186e4b880e59b9ee38381e383a3e383ace383b3e382b8e38197e381a6e381bfe38288e38186e38082e3808d, 'image/morigarakuta.png'),
(2, 2, 'ステージ１の二問目不正解時のセリフ', 0xe5a696e7b2bee3808ce9a091e5bcb5e3828ce38082e38282e38186e4b880e59b9ee38381e383a3e383ace383b3e382b8e38197e381a6e381bfe38288e38186e38082e3808d, 'image/morigarakuta.png'),
(3, 3, 'ステージ２不正解時のセリフ', 0xe5a696e7b2bee3808ce6839ce38197e38184e38082e38282e38186e4b880e59b9ee38381e383a3e383ace383b3e382b8e38197e381a6e381bfe38288e38186e38082e3808d, 'image/youseihouseiwa.png'),
(4, 4, 'ステージ３不正解時のセリフ', 0xe5a696e7b2bee3808ce697a9e3818fe98083e38192e381aae38184e381a8e38082e38282e38186e4b880e59b9ee38381e383a3e383ace383b3e382b8e38197e381a6e381bfe38288e38186e38082e3808d, 'image/doubutu.png'),
(5, 5, 'ステージ４不正解時のセリフ', 0xe5a696e7b2bee3808ce6a48de38188e3828be381aee381afe99ba3e38197e38184e381ade38082e38282e38186e4b880e59b9ee38381e383a3e383ace383b3e382b8e38197e381a6e381bfe38288e38186e38082e3808d, 'image/hana.png'),
(6, 6, 'ステージ5不正解時のセリフ', 0xe5a696e7b2bee3808ce38186e381bee3818fe38184e3818be381aae38184e381ade38082e38282e38186e4b880e59b9ee38381e383a3e383ace383b3e382b8e38197e381a6e381bfe38288e38186e38082e3808d, 'image/yogoreizumi.png'),
(7, 7, 'ステージ6不正解時のセリフ', 0xe5a696e7b2bee3808ce98193e381abe8bfb7e381a3e381a1e38283e381a3e3819fe381ade38082e38282e38186e4b880e59b9ee38381e383a3e383ace383b3e382b8e38197e381a6e381bfe38288e38186e38082e3808d, 'image/izumi.png'),
(8, 8, 'ステージ７不正解時のセリフ', 0xe5a696e7b2bee3808ce38182e381a8e38282e38186e381a1e38287e381a3e381a8efbc81e38282e38186e4b880e59b9ee38381e383a3e383ace383b3e382b8e38197e381a6e381bfe38288e38186e38082e3808d, 'image/nusi.png');

-- --------------------------------------------------------

--
-- テーブルの構造 `message`
--

CREATE TABLE `message` (
  `id` int(11) NOT NULL,
  `serif_id` int(11) NOT NULL,
  `serif_file` blob NOT NULL,
  `face_file` blob NOT NULL,
  `serif_name` varchar(20) NOT NULL,
  `back_img` varchar(40) NOT NULL
) ENGINE=InnoDB DEFAULT CHARSET=utf8;

--
-- テーブルのデータのダンプ `message`
--

INSERT INTO `message` (`id`, `serif_id`, `serif_file`, `face_file`, `serif_name`, `back_img`) VALUES
(1, 1, 0x2d2de38193e38193e381afe983bde5b882e9968be799bae3818ce980b2e381bfe38081e5b7a5e6a5ade3818ce79b9be38293e381abe381aae381a3e3819fe3819be38184e381a7e88d92e5bb83e38197e381a6e38197e381bee381a3e3819fe6a3ae2c0d0ae6a3aee381a7e381afe69ca8e38085e3818ce69eafe3828ce38081e382ace383a9e382afe382bfe3818ce68da8e381a6e38289e3828ce381a6e38184e3828b2c0d0ae3819de38293e381aae6a3aee38292e5a696e7b2bee381a8e382a2e383b3e38389e383ade382a4e38389e3818ce58d94e58a9be38197e381a6e6a3aee38292e5bea9e6b4bbe38195e3819be3828be789a9e8aa9e2d2d2c0d0ae5a696e7b2bee3808ce381bee3819fe382ace383a9e382afe382bfe3818ce68da8e381a6e38289e3828ce381a6e3828befbc81e698a8e697a5e9a091e5bcb5e381a3e381a6e7b6bae9ba97e381abe38197e3819fe381aee381abefbc81e3808d2c0d0ae5a696e7b2bee3808ce280a6e381a3e381a6e38182e3828cefbc9fe4babae99693efbc9fe3818ae383bce38184e38081e5a4a7e4b888e5a4abefbc9fe3808d2c0d0ae280a6e3839de38381e383832c0d0ae382a2e383b3e38389e383ade382a4e38389e3808ce5889de38281e381bee38197e381a6e38082e3818ae4b896e8a9b1e59e8be382a2e383b3e38389e383ade382a4e38389e381aee382a4e382a2e381a8e794b3e38197e381bee38199e38082e3808d2c0d0ae5a696e7b2bee3808ce38182e38081e382a2e383b3e38389e383ade382a4e38389efbc9fe3808d2c0d0ae382a2e383b3e38389e383ade382a4e38389e3808ce381afe38184e38082e5aeb6e4ba8be585a8e888ace381afe38282e381a1e3828de38293e381aee38193e381a8e38081e58a9be4bb95e4ba8be38282e587bae69da5e381bee38199e381aee381a7e4bd95e381aae3828ae381a8e3818ae794b3e38197e4bb98e38191e3818fe381a0e38195e38184e38082e3808d2c0d0ae5a696e7b2bee3808ce381b8e38187efbd9ee38199e38194e38184e38198e38283e38293efbc81e381a8e38193e3828de381a7e38081e381aae38293e381a7e38193e38293e381aae381a8e38193e3828de381abe38184e3828be381aeefbc9fe3808d2c0d0ae382a2e383b3e38389e383ade382a4e38389e3808ce280a6e38199e381bfe381bee3819be38293e38082e8a898e686b6e383a1e383a2e383aae3818ce5889de69c9fe58c96e38195e3828ce381a6e38197e381bee381a3e381a6e38184e3828be381aee381a7e9818ee58ebbe381aee38193e381a8e3818ce58886e3818be3828ae381bee3819be38293e38082e3808d2c0d0ae5a696e7b2bee3808ce38288e3818fe3828fe3818be38293e381aae38184e38191e381a9e38081e8a898e686b6e381aae3818fe38197e381a1e38283e381a3e3819fe381bfe3819fe38184e381ade38082e38186e383bce38293e280a6e3808d2c0d0ae5a696e7b2bee3808ce38198e38283e38182e38081e38193e381aee6a3aee38292e5bea9e6b4bbe38199e3828be3818ae6898be4bc9de38184e4b880e7b792e381abe38199e3828befbc9fe381aae38293e3818be38284e381a3e381a6e3819fe38289e6809de38184e587bae38199e3818be38282e38197e3828ce381aae38184e38197e38082e3808d2c0d0ae5a696e7b2bee3808ce381bee3819ae38081e38193e38193e381abe38182e3828be382ace383a9e382afe382bfe38292e78987e4bb98e38191e381a6e3818fe3828ce3828befbc9fe3808d2c0d0ae382a2e383b3e38389e383ade382a4e38389e3808ce58886e3818be3828ae381bee38197e3819fe38081e9a091e5bcb5e3828ae381bee38199e38082e3808d, 0x302c302c302c352c342c302c312c332c322c312c342c312c312c312c31, 'オープニングとステージ１', 'image/morigarakuta.png'),
(2, 2, 0xe5a696e7b2bee3808ce38195e38181e79d80e38184e3819fe38288e38081e38193e38193e3818ce7a781e3818ce4bd8fe38293e381a7e38184e3828be5aeb6e38082e3818ae38184e38197e38184e7b485e88cb6e381a7e38282e9a3b2e38293e381a7e4bc91e686a9e38197e381bee38197e38287efbc81e3808d2c0d0ae5a696e7b2bee3808ce381a3e381a6e38188e38188efbc81efbc9fe890bde79fb3e3818ce38182e381a3e381a6e98193e3818ce381b5e38195e3818ce3828ce381a6e38184e3828be38288e383bce38082e381a9e38186e38197e38288e38186e38082e3808d2c0d0ae382a2e383b3e38389e383ade382a4e38389e3808ce5a38ae38197e381a6e98193e38292e9968be3818de381bee38197e38287e38186e38081e7a781e381abe4bbbbe3819be381a6e3818fe381a0e38195e38184e38082e3808d2c0d0ae5a696e7b2bee3808ce58886e3818be381a3e3819fe38081e9a091e5bcb5e381a3e381a6e381adefbc81e3808d, 0x312c332c352c31, 'ステージ２', 'image/youseihouseiwa.png'),
(3, 3, 0xe382a2e383b3e38389e383ade382a4e38389e3808ce7b485e88cb6e3818ae38184e38197e3818be381a3e3819fe381a7e38199e38081e38194e381a1e3819de38186e38195e381bee381a7e38197e3819fe38082e3808d2c0d0ae5a696e7b2bee3808ce38184e38184e381aee38184e38184e381aee38082e58aa9e38191e381a6e38282e38289e381a3e3819fe38197e381ade38082e3819de3828ce38198e38283e6aca1e381aee4bd9ce6a5ade381abe280a6e3808d2c0d0ae382b0e383abe383abe383abe383abe280a62c0d0ae382a2e383b3e38389e383ade382a4e38389e3808ce38193e381aee58b95e789a9e3819fe381a1e381afefbc9fe38184e381bee381abe38282e8a5b2e381a3e381a6e3818de3819de38186e381a7e38199e38191e381a9e280a6e3808d2c0d0ae5a696e7b2bee3808ce6a3aee3818ce69eafe3828ce381a6e38197e381bee381a3e3819fe381aee3818ce58e9fe59ba0e381a7e78b82e69ab4e58c96e38197e381a6e38197e381bee381a3e3819fe381aee38082e3808d2c0d0ae382ace382a6e382ace382a6e38383efbc812c0d0ae5a696e7b2bee3808ce381b2e381a8e381bee3819ae38193e38193e381afe98083e38192e38288e38186efbc81e3808d2c0d0ae382a2e383b3e38389e383ade382a4e38389e3808ce381afe38081e381afe38184efbc81e3808d, 0x322c322c302c342c312c302c352c31, 'ステージ３', 'image/doubutu.png'),
(4, 4, 0xe5a696e7b2bee3808ce4bb8ae5baa6e381afe38193e381aee88ab1e38292e68a9ce38184e381a6e696b0e38197e38184e88ab1e38292e6a48de38188e38288e38186e38082e3808d2c0d0ae382a2e383b3e38389e383ade382a4e38389e3808ce68a9ce38184e381a6e38197e381bee38186e381aee381a7e38199e3818befbc9fe3808d2c0d0ae5a696e7b2bee3808ce38193e381aee88ab1e381afe38081e4bb96e381aee6a48de789a9e381aee6a084e9a48ae38292e5a5aae381a3e381a6e38197e381bee38186e3818be38289e3828fe3828be38184e88ab1e381aae381aee38082e3808d2c0d0ae5a696e7b2bee3808ce4ba8ce4babae381a7e9a091e5bcb5e381a3e381a6e6a48de38188e381a6e38184e38193e38186efbc81e3808d2c0d0ae382a2e383b3e38389e383ade382a4e38389e3808ce381afe38184efbc81e3808d, 0x312c342c312c322c31, 'ステージ４', 'image/hana.png'),
(5, 5, 0xe382a2e383b3e38389e383ade382a4e38389e3808ce38395e382a7e382a4e38195e38293e38081e8a898e686b6e38292e6809de38184e587bae38197e381bee38197e3819fefbc81e3808d2c0d0ae5a696e7b2bee3808ce69cace5bd93efbc9fe381aae38293e381a7e38193e38193e381abe69da5e3819fe3818be38081e58886e3818be3828be38288e38186e381abe381aae381a3e3819fe381aeefbc9fe3808d2c0d0ae382a2e383b3e38389e383ade382a4e38389e3808ce381afe38184e38082e58583e38085e7a781e381afe794bae381abe38184e3828be3818ae381b0e38182e38195e38293e38292e3818ae4b896e8a9b1e38197e381a6e38184e381bee38197e3819fe38082e3808d2c0d0ae382a2e383b3e38389e383ade382a4e38389e3808ce381a7e38282e38182e3828be697a5e38081e3818ae381b0e38182e38195e38293e3818ce585a5e999a2e38197e381a6e38197e381bee38184e7a781e381afe5bf85e8a681e381a8e38195e3828ce381aae3818fe381aae381a3e381a6e587a6e58886e38195e3828ce381a6e38197e381bee381a3e3819fe38293e381a7e38199e38082e3808d2c0d0ae5a696e7b2bee3808ce3819de38186e381a0e381a3e3819fe38293e381a0e381ade280a6e3808d2c0d0ae382a2e383b3e38389e383ade382a4e38389e3808ce381a7e38282e38282e38186e38184e38184e38293e381a7e38199e38082e4bb8ae381afe38395e382a7e382a4e38195e38293e3818ce38184e3828be381aee381a7e5af82e38197e3818fe381aae38184e381a7e38199e38082e3808d2c0d0ae5a696e7b2bee3808ce382a4e382a2e280a6e3819de38293e381aae38193e381a8e8a880e381a3e381a6e38282e38289e38188e381a6e7a781e38282e38186e3828ce38197e38184e38288e38082e3808d2c0d0ae5a696e7b2bee3808ce38288e38197e38081e4ba8ce4babae381a7e58a9be59088e3828fe3819be381a6e9a091e5bcb5e3828de38186e38082e6aca1e381afe38081e6b389e38292e5bea9e6b4bbe38195e3819be3828be38288efbc81e3808d2c0d0ae382a2e383b3e38389e383ade382a4e38389e3808ce381afe38184e38081e9a091e5bcb5e3828ae381bee38197e38287e38186e38082e3808d2c0d0ae5a696e7b2bee3808ce38182e381a3e38081e381a7e38282e6b097e38292e4bb98e38191e381a6e6b389e3818ce6b19ae3828ce381a6e38184e3828be58e9fe59ba0e381a7e59cb0e99da2e3818ce4b88de5ae89e5ae9ae381aae381aee38082e3808d2c0d0ae382a2e383b3e38389e383ade382a4e38389e3808ce58886e3818be3828ae381bee38197e3819fe38082e38288e38191e381aae3818ce38289e980b2e38293e381a7e8a18ce3818de381bee38197e38287e38186e38082e3808d, 0x352c312c312c342c342c322c322c312c312c352c31, 'ステージ5', 'image/yogoreizumi.png'),
(6, 6, 0xe5a696e7b2bee3808ce38182e381a8e381afe5a4a7e6a8b9e38292e5bea9e6b4bbe38195e3819be3828ce381b0e38081e6a3aee3818ce5bea9e6b4bbe38199e3828be381afe3819ae38082e3808d2c0d0ae382a2e383b3e38389e383ade382a4e38389e3808ce38193e38193e3818be38289e5a4a7e6a8b9e3818ce38182e3828be5a0b4e68980e381bee381a7e381afe381a9e381aee3818fe38289e38184e8b79de99ba2e3818ce38182e3828be38293e381a7e38199e3818befbc9fe3808d2c0d0ae5a696e7b2bee3808ce7b590e6a78be99ba2e3828ce381a6e38184e3828be38293e381a0e38288e381ade280a6e3808d2c0d0ae5a696e7b2bee3808ce7a781e38282e38182e381bee3828ae8a18ce381a3e3819fe38193e381a8e3818ce381aae38184e3818be38289e38184e3828de38184e3828de59cb0e5bda2e381a8e3818be38282e5a489e3828fe381a3e381a6e38184e3828be3818be38282e280a6e3808d2c0d0ae382a2e383b3e38389e383ade382a4e38389e3808ce4ba8ce4babae381a7e381aae38289e784a1e4ba8be381abe3819fe381a9e3828ae79d80e3818de381bee38199e38288efbc81e8a18ce3818de381bee38197e38287e38186efbc81e3808d2c0d0ae5a696e7b2bee3808ce38182e3828ae3818ce381a8e38186e38082e4b880e7b792e381abe9a091e5bcb5e3828de38186efbc81e3808d, 0x312c312c312c342c322c31, 'ステージ6', 'image/izumi.png'),
(7, 7, 0xe5a696e7b2bee3808ce38182e381a8e381afe5bea9e6b4bbe381aee9ad94e6b395e38292e594b1e38188e3828ce381b0e38184e38184e38293e381a0e38191e381a9e38081e69982e99693e3818ce3818be3818be3828be3818be38289e5be85e381a3e381a6e381a6e381ade38082e3808d2c0d0ae382a2e383b3e38389e383ade382a4e38389e3808ce58886e3818be3828ae381bee38197e3819fe38082e3808d2c0d0ae38389e382b9e383b3e280a6e38389e382b9e383b3e280a62c0d0ae382a2e383b3e38389e383ade382a4e38389e3808ce381b5e38081e38395e382a7e382a4e38195e38293e38082e5898de381abe8a5b2e381a3e381a6e3818de3819fe58b95e789a9e38288e3828ae38195e38289e381abe5a4a7e3818de38184e38284e381a4e3818ce3818de381bee38197e3819fefbc81e3808d2c0d0ae5a696e7b2bee3808ce5a4a7e6a8b9e381aee8bf91e3818fe38292e3838ae383afe38390e383aae381a8e38197e381a6e38184e3828be3838ce382b7e381a0e38288e280a6e38193e38293e381aae69982e381abe38081e381a9e38186e38197e38288e38186e38082e3808d2c0d0ae382a2e383b3e38389e383ade382a4e38389e3808ce280a6e7a781e3818ce3838ce382b7e381aee6b097e38292e5bc95e38184e381a6e69982e99693e38292e7a8bce3818ee381bee38199efbc81e38395e382a7e382a4e38195e38293e381afe3819de381aee99a99e381abe9ad94e6b395e38292e594b1e38188e381a6e3818fe381a0e38195e38184efbc81e3808d2c0d0ae5a696e7b2bee3808ce58886e3818be381a3e3819fe38082e6b097e38292e4bb98e38191e381a6e381adefbc81e3808d, 0x312c312c302c332c342c352c35, 'ステージ7', 'image/nusi.png');

-- --------------------------------------------------------

--
-- テーブルの構造 `true_serif`
--

CREATE TABLE `true_serif` (
  `serif_id` int(10) NOT NULL,
  `question_no` int(10) NOT NULL,
  `file_name` varchar(30) NOT NULL,
  `file` blob NOT NULL,
  `back_img` varchar(40) NOT NULL
) ENGINE=InnoDB DEFAULT CHARSET=utf8;

--
-- テーブルのデータのダンプ `true_serif`
--

INSERT INTO `true_serif` (`serif_id`, `question_no`, `file_name`, `file`, `back_img`) VALUES
(1, 1, 'ステージ１の一問目正解時のセリフ', 0xe5a696e7b2bee3808ce38284e381a3e3819fe381adefbc81e38193e381aee8aabfe5ad90e381a7e381a9e38293e381a9e38293e8a18ce3818fe38288efbc81e3808d2c0d0ae5a696e7b2bee3808ce6aca1e381afe38182e381a3e381a1e581b4e381aee382ace383a9e382afe382bfe38292e78987e4bb98e38191e38288e38186efbc81e3808d, 'image/morigarakuta.png'),
(2, 2, 'ステージ１の二問目正解時のセリフ', 0xe5a696e7b2bee3808ce38184e38284e38181e383bce7b6bae9ba97e381abe381aae381a3e3819fe381ade38081e7a781e381aee5aeb6e381a7e381a1e38287e381a3e381a8e4bc91e686a9e38197e38288e38186e38082e3808d2c0d0ae382a2e383b3e38389e383ade382a4e38389e3808ce58886e3818be3828ae381bee38197e3819fe38082e3808d, 'image/mori.png'),
(3, 3, 'ステージ２クリア時のセリフ', 0xe5a696e7b2bee3808ce38284e381a3e3819fefbc81e98193e3818ce9968be38184e3819fefbc81e38182e3828ae3818ce381a8e38186e38081e382a4e382a2e38082e7b485e88cb6e38194e381a1e3819de38186e38199e3828be38288efbc81e3808d2c0d0ae382a2e383b3e38389e383ade382a4e38389e3808ce38182e3828ae3818ce381a8e38186e38081e38186e3828ce38197e38184e381a7e38199e38082e3808d, 'image/youseihouse.png'),
(4, 4, 'ステージ３クリア時のセリフ', 0xe5a696e7b2bee3808ce38282e38186e8bfbde381a3e381a6e38193e381aae38184e3818be381aae38081e889afe3818be381a3e3819fefbd9ee38082e3808d2c0d0ae382a2e383b3e38389e383ade382a4e38389e3808ce38182e381aee58b95e789a9e3819fe381a1e38292e3818ae381a8e381aae38197e3818fe38195e3819be3828be696b9e6b395e381afe381aae38184e38293e381a7e38199e3818befbc9fe3808d2c0d0ae5a696e7b2bee3808ce6a3aee38292e5bea9e6b4bbe38195e3819be3828ce381b0e3818ae381a8e381aae38197e3818fe381aae3828be381a8e6809de38186e38082e697a9e3818fe5bea9e6b4bbe381a7e3818de3828be38288e38186e381abe9a091e5bcb5e3828de38186e38082e3808d2c0d0ae382a2e383b3e38389e383ade382a4e38389e3808ce3819de38186e381a7e38199e381ade38081e7a781e38282e7b2bee4b880e69dafe3818ae6898be4bc9de38184e38197e381bee38199e38082e3808d, 'image/mori.png'),
(5, 5, 'ステージ４クリア時のセリフ', 0xe5a696e7b2bee3808ce7b6bae9ba97e381aae88ab1e3818ce592b2e38184e3819fe381adefbc81e38284e381a3e3819fe38181efbc81e3808d2c0d0ae382a2e383b3e38389e383ade382a4e38389e3808ce38193e3828ce381a7e6a3aee381aee5bea9e6b4bbe381abe8bf91e381a5e38184e381a6e3818de381bee38197e3819fe381ade38082e3808d2c0d0ae5a696e7b2bee3808ce3819de38186e381a0e381ade38081e6aca1e381aee4bd9ce6a5ade38282e9a091e5bcb5e3828de38186efbc81e3808d2c0d0ae382a2e383b3e38389e383ade382a4e38389efbc88e38193e381aee88ab1e38081e9818ee58ebbe381abe8a68be3819fe38193e381a8e3818ce280a6e38182e381a3efbc81efbc89, 'image/kireihana.png'),
(6, 6, 'ステージ５クリア時のセリフ', 0xe5a696e7b2bee3808ce784a1e4ba8be381abe6b389e3818ce5bea9e6b4bbe38197e3819fe381adefbc81e38288e3818be381a3e3819fefbc81e3808d2c0d0ae382a2e383b3e38389e383ade382a4e38389e3808ce382ade383ace382a4e381abe381aae3828ae381bee38197e3819fe381ade38082e3808d, 'image/izumi.png'),
(7, 7, 'ステージ６クリア時のセリフ', 0xe5a696e7b2bee3808ce38193e38193e3818ce5a4a7e6a8b9e381aee38182e3828be5a0b4e68980e381a0e381ade38082e38288e38186e38284e3818fe3819fe381a9e3828ae79d80e38184e3819fe381ade38082e3808d2c0d0ae382a2e383b3e38389e383ade382a4e38389e3808ce6a3aee3818ce5bea9e6b4bbe38199e3828be381bee381a7e38182e381a8e5b091e38197e381a7e38199e381ade38082e3808d2c0d0ae5a696e7b2bee3808ce3819de38186e381a0e381ade38082e9a091e5bcb5e3828de38186efbc81e3808d, 'image/taiju.png'),
(8, 8, 'ステージ7クリア時のセリフ', 0xe5a696e7b2bee3808ce38284e381a3e3819fe38181efbc81e38284e381a3e381a8e5bea9e6b4bbe38197e3819fe38288e38189e280a6e3808d2c0d0ae382a2e383b3e38389e383ade382a4e38389e3808ce995b7e3818be381a3e3819fe381a7e38199e381ade280a6e38082e3808d2c0d0ae5a696e7b2bee3808ce38193e38193e381bee381a7e38193e3828ce3819fe381aee381afe382a4e382a2e381aee3818ae3818be38192e381a0e38288efbc81e38182e3828ae3818ce381a8e38186efbc81e3808d2c0d0ae382a2e383b3e38389e383ade382a4e38389e3808ce38193e381a1e38289e38193e3819de3818ae6898be4bc9de38184e381a7e3818de381a6e6a5bde38197e3818be381a3e3819fe381a7e38199e38082e3808d2c0d0ae5a696e7b2bee3808ce38288e383bce38197efbc81e38198e38283e5aeb6e381abe5b8b0e381a3e381a6e7b485e88cb6e9a3b2e38282e38186efbc81e3808d2c0d0ae382a2e383b3e38389e383ade382a4e38389e3808ce381afe38184efbc81e3808d2c0d0a2d2d2de3818ae38197e381bee381842d2d2d0d0a, 'image/cleartaiju.png');

--
-- ダンプしたテーブルのインデックス
--

--
-- テーブルのインデックス `false_serif`
--
ALTER TABLE `false_serif`
  ADD UNIQUE KEY `serif_id` (`serif_id`);

--
-- テーブルのインデックス `message`
--
ALTER TABLE `message`
  ADD UNIQUE KEY `id` (`id`),
  ADD KEY `serif_id` (`serif_id`);

--
-- テーブルのインデックス `true_serif`
--
ALTER TABLE `true_serif`
  ADD UNIQUE KEY `serif_id` (`serif_id`);

--
-- ダンプしたテーブルのAUTO_INCREMENT
--

--
-- テーブルのAUTO_INCREMENT `false_serif`
--
ALTER TABLE `false_serif`
  MODIFY `serif_id` int(10) NOT NULL AUTO_INCREMENT, AUTO_INCREMENT=9;

--
-- テーブルのAUTO_INCREMENT `message`
--
ALTER TABLE `message`
  MODIFY `id` int(11) NOT NULL AUTO_INCREMENT, AUTO_INCREMENT=8;

--
-- テーブルのAUTO_INCREMENT `true_serif`
--
ALTER TABLE `true_serif`
  MODIFY `serif_id` int(10) NOT NULL AUTO_INCREMENT, AUTO_INCREMENT=9;
COMMIT;

/*!40101 SET CHARACTER_SET_CLIENT=@OLD_CHARACTER_SET_CLIENT */;
/*!40101 SET CHARACTER_SET_RESULTS=@OLD_CHARACTER_SET_RESULTS */;
/*!40101 SET COLLATION_CONNECTION=@OLD_COLLATION_CONNECTION */;
